Upc,Variant ,Department,Category,Color,Website Color,Website Name,Label Name
910031470210, 200123CERAMV1Standard,Kitchen,Essentials,Azure,Morning Sky,Classic Ceramic Mug ,Classic Ceramic Mug -- 200123CERAMV1Standard
910031470224, 200234STNWBV1Standard,Kitchen,Essentials,Coral,Sunset Glow,Stainless Steel Water Bottle ,Stainless Steel Water Bottle -- 200234STNWBV1Standard
910031470238, 300456CTNTLV1Standard,Kitchen,Essentials,Lavender,Whispering Lilac,Cotton Bath Towel ,Cotton Bath Towel -- 300456CTNTLV1Standard
910031470242, 400789WDTRAYV1Standard,Kitchen,Essentials,Turquoise,Caribbean Breeze,Wooden Serving Tray ,Wooden Serving Tray -- 400789WDTRAYV1Standard
910031470256, 500456SLBMATV1Standard,Kitchen,Essentials,Amber,Honeycomb,Silicone Baking Mat ,Silicone Baking Mat -- 500456SLBMATV1Standard
910031470260, 600123GLSCV1Set of 3,Kitchen,Essentials,Emerald,Forest Canopy,Glass Food Storage Containers (Set of 3) ,Glass Food Storage Containers (Set of 3) -- 600123GLSCV1Set of 3
910031470274, 700987LEDLMPV1Standard,Homegoods,Essentials,Crimson,Velvet Rose,LED Desk Lamp ,LED Desk Lamp -- 700987LEDLMPV1Standard
910031470288, 800123BMCTRYV1Standard,Kitchen,Essentials,Periwinkle,Dewy Dawn,Bamboo Cutlery Set ,Bamboo Cutlery Set -- 800123BMCTRYV1Standard
910031470292, 900456SMSTRPV1Standard,Hardware,Essentials,Teal,Ocean Depths,Smart Power Strip ,Smart Power Strip -- 900456SMSTRPV1Standard
910031470306, 100234NSFRYPV1Standard,Kitchen,Essentials,Chartreuse,Spring Meadow,Non-Stick Frying Pan ,Non-Stick Frying Pan -- 100234NSFRYPV1Standard
910031470310, 200123HDLBASKV1Standard,Bedroom,Essentials,Magenta,Electric Bloom,Heavy-Duty Laundry Basket ,Heavy-Duty Laundry Basket -- 200123HDLBASKV1Standard
910031470324, 300789MFPLLWV1Standard,Office,Essentials,Apricot,Summer Peach,Ergonomic Memory Foam Pillow ,Ergonomic Memory Foam Pillow -- 300789MFPLLWV1Standard
910031470338, 400123ADLSTNDV1Standard,Kitchen,Essentials,Cobalt Blue,Midnight Lagoon,Adjustable Laptop Stand ,Adjustable Laptop Stand -- 400123ADLSTNDV1Standard
910031470342, 500456VCTHMSV1Standard,Kitchen,Essentials,Cerulean,Clear Horizons,Vacuum Insulated Thermos ,Vacuum Insulated Thermos -- 500456VCTHMSV1Standard
910031470356, 600123MGKNHV1Standard,Kitchen,Essentials,Mint Green,Frosted Leaf,Magnetic Knife Holder ,Magnetic Knife Holder -- 600123MGKNHV1Standard
910031470360, 700234PLTPOTV1Standard,Garden,Essentials,Tangerine,Citrus Burst,Indoor Plant Pot ,Indoor Plant Pot -- 700234PLTPOTV1Standard
910031470374, 800456STIRNV1Standard,Laundry,Essentials,Olive Green,Woodland Moss,Compact Steam Iron ,Compact Steam Iron -- 800456STIRNV1Standard
910031470388, 900123TRLBLNV1Standard,Travel,Essentials,Salmon Pink,Coastal Shell,Travel Blanket ,Travel Blanket -- 900123TRLBLNV1Standard
910031470392, 100234WMHOOKV1Set of 5,Homegoods,Essentials,Peach,Blushing Petal,Wall-Mounted Hooks (Set of 5) ,Wall-Mounted Hooks (Set of 5) -- 100234WMHOOKV1Set of 5
910031470406, 200789PTHDVACV1Standard,Homegoods,Essentials,Mauve,Twilight Haze,Portable Hand Vacuum ,Portable Hand Vacuum -- 200789PTHDVACV1Standard
910031470410, 300123FLSTGV1Standard,Homegoods,Essentials,Indigo,Starlit Veil,Foldable Storage Bin ,Foldable Storage Bin -- 300123FLSTGV1Standard
910031470424, 400456CRDSHV1Set of 4,Kitchen,Essentials,Mustard Yellow,Golden Harvest,Ceramic Dish Set (Set of 4) ,Ceramic Dish Set (Set of 4) -- 400456CRDSHV1Set of 4
910031470438, 500123MFCLTHV1Standard,Homegoods,Essentials,Vermilion,Ember Flame,Microfiber Cleaning Cloth ,Microfiber Cleaning Cloth -- 500123MFCLTHV1Standard
910031470442, 600789ADSHHDV1Standard,Homegoods,Essentials,Rose Gold,Antique Blush,Adjustable Shower Head ,Adjustable Shower Head -- 600789ADSHHDV1Standard
910031470456, 700123KSCALV1Standard,Kitchen,Essentials,Charcoal Gray,Smoky Ash,Kitchen Scale ,Kitchen Scale -- 700123KSCALV1Standard